{
  "0x7355850a1c8eef68a8f7d948b33ec13b056e6943": 352.87143329649,
  "0x9634445e293a87ab77ca3cf5b43da94aabc544b6": 278.90449963161,
  "0x08a79be7b561b82b1c2715d74525d3f951fad0a6": 181.27155494368,
  "0x3d909b6cb958a32f1a6e0d016c387a3a2c8decd1": 118.94213758210,
  "0x9eebc28e44054b0b7b6534275379880196b8b42a": 109.43319089834,
  "0xc7fc22d339821240bfd92258ba87578cb1af0b64": 102.11773808256,
  "0xf34e7dacee7414c0dc18ab8fbc4b4dbc022dac59": 95.500654864947,
  "0x384a356f536458fe1b0398c20facdf9e4fe2b833": 94.799217001678,
  "0x84e20108b580584858a1eaa120bb0af7e5985d9d": 94.544354540241,
  "0x97917538be5222b6dda836f078e2a26603aa872f": 94.112317225482,
  "0xcc8d577cd049d8104febd694fde1362ce56a7022": 90.554852750383,
  "0xd34a3fd73cda510bed66584a56af4bf5ad6b01c2": 90.369865586073,
  "0xcf104d33419db088bf41b16d20b8dc14eed5abe9": 89.914483440310,
  "0x8c6bd92a4deedd4a106c4af8b622c6d0545695e3": 82.898066288997,
  "0xb20808f694530749c5623f6c477a84b07ac85aa6": 82.191480846720,
  "0xceb0dae3c4e68b419e100cb66dd51a5fc1469e35": 82.130729442363,
  "0xfaf8f2f64ca34b1f5631d6e772f314140574447f": 81.699823033637,
  "0xfb94554f2382fd15421aed4abd2ec24cdeeb6035": 79.368170156671,
  "0xc505d8c9336f0c45a6fce8b2fffd70e909e675de": 74.220272562370,
  "0x60c670b14db1e228eee2cb6ea51bd6e997f772b0": 71.385890486995,
  "0x54f62279af71209596bb2bb18f7491f42adaa0a1": 70.065920223516,
  "0xb2b82d5e5e65aabe7c3e41348a3b2eda1acd6be7": 69.470651917084,
  "0xee845e1232021b843f8b3266eab6fb803cdaa606": 69.355947551040,
  "0xf3e99bce4983a24bb6e0a578fabdf6677956f689": 68.783076195244,
  "0x478960c9a5197da64a41cc23266e006829a4d045": 68.388270040891,
  "0x1494b017ff9649fb39ca40dd7636a0a41e7208e4": 65.607333086422,
  "0x9fc483224e4599969a3a80ad51f24aad0a59c075": 65.289629700699,
  "0xa30d5eadefa3c8e2061132e17b553e6202534175": 65.021627823053,
  "0x69ec60fe371713ea61192f7c9a70036d82f5c77d": 64.196003289992,
  "0x44e59547f3383d9f73ddd1fa8cca941f848eee37": 63.472868067801,
  "0x1cec447ea8d5df242754211cc34bbb23dfbf9512": 63.457813300042,
  "0x6a9576c5e4dea12df0698d1b477cd712361ac9e5": 63.251769820228,
  "0x00d9c68b7d0df9046ca3dcdc7f3197809c6d011a": 63.116687336243,
  "0x95ea69e259eb700f0380041f0d83ae2700a586be": 62.836130234133,
  "0xf5b67a9021218601c074f725688f93042a2a277b": 61.438980119541,
  "0xd6df7aa9ff5f7b0984e90f1b641b6ee9881c236b": 61.059744848394,
  "0xe49e14a08cc5c6777896967d3d913815400dc26e": 60.547275105525,
  "0x0a53f7d599250d85b5a6fce38f61eada48135104": 59.842530173755,
  "0x280f7e5ac4a11b2b1539230e35a7ede1499f41ed": 59.692539990656,
  "0xd0e7b2d552e682d6e9d0552bd55a1d6725301543": 53.387354791464,
  "0xbd2bfb6291dbce81e6c9d861552139aca53cc7a7": 53.027473088002,
  "0xdbcd62b8ec68770daff24aad7f50fbcc5267726d": 52.666426394412,
  "0x0d5504bc485675172f626a7e4bea1749ea7afb05": 52.591179522969,
  "0x347b26feb81ba64db8aea504d077fee5e3eccfda": 51.158806713182,
  "0x5ed32d306818869424fc826cf41a0af3c035c80c": 49.788725651887,
  "0x657fda40e829ea6dc38474dfbe8f786b75511fe3": 49.177491539622,
  "0x487355bde1a25efa2ee28efca9d98265f7c27090": 45.880964709911,
  "0x0ad0553a2bda607efcde6cabdb8a458c4443e303": 45.797066085196,
  "0x1f408bc3f3978b09a340653dd54d784cd1133da2": 45.797066085196,
  "0x2f413e03434b2d8bd7cbd9da8a566f40e911a523": 45.797066085196,
  "0x49538d134c7e22a8de8b6ceb4ec5bd75445c2e61": 45.797066085196,
  "0x6da0f05239237ba9fc64c442564633fd6037334d": 45.797066085196,
  "0x80ca0b83cd6c2df42abda8abebe3cae511c065c1": 45.797066085196,
  "0x872a06ee25607a907bd9df6899eca7b7d79e196c": 45.797066085196,
  "0x8e1da38d476d44afaacae62808f2d63dc971d588": 45.797066085196,
  "0xa51fe9701ea343d726fc56cbb84e5d907b312198": 45.797066085196,
  "0xb27e476851785a0abe468345a3e5c7ee296d7b36": 45.797066085196,
  "0x797262ba5048fb6f237f317415bece68140dc329": 43.928554261756,
  "0xd97a95d80058c6b4df37af2737c9947489aa6696": 42.099853432438,
  "0xa95de045396e36190e84525dada6be395da9df42": 41.316883145220,
  "0xe92a0a5c8fef3be8722c0eb0d29a53ee505b95dd": 40.491127288402,
  "0x4d62f774761fc97a2a590a9bdc9e99466e1a49bf": 39.437923014274,
  "0x2c0b9123b7e006dfa496b9b028957fbe6030318a": 39.428928486207,
  "0x6de8b72afe205ccca7384c57d750a646513c0a14": 38.734299026884,
  "0x7aff27832bd05504abe8b230478d127814a87b10": 38.675987470061,
  "0xe87030599aae370b5eb78f8ff6b04df45d51052b": 38.620083472783,
  "0x8cd3723ba4d78db3eda4ab815b603c8db94d12b8": 38.544454909265,
  "0x597980f691833470c51bdfae1c9bc4bbe2b81bf3": 38.541521145933,
  "0x8b9344206a6fa026a3d9ec17fa7cc0e867287376": 38.540072193674,
  "0x1abe60e235a6bbfae04eb7dff6b281c4d2aec735": 38.501182008146,
  "0xc1aa058e8be8afea53199592660aadfdf007435d": 38.491654175636,
  "0x88d405cdd172d488b24ac405b5c77ea42fc52679": 38.448143970090,
  "0xfd38db32667e4521bd1a4872dbb4fbac5748ac32": 38.351901578887,
  "0x5325cb54d05e708cf3c135d988d5c2738ed1a89f": 38.341591959867,
  "0x496caed428a82ec104b1273bd77131d3c076f290": 38.335355681785,
  "0x4acd0298e0ca92373b83d04503fb6ef6272bdb6a": 38.285207062028,
  "0xa4c3b6bcafb1eb9b16ab676c08808bf8ec26f2d1": 38.239549455624,
  "0x423218edf5d054a79e028dc8e3a81b380457c288": 38.237917434342,
  "0x8f6ef02d77bf4de039895febfc5c6f285e5d1665": 38.225946396235,
  "0x607b25189e5c635127ae3e036f09486f6d296052": 38.167571661752,
  "0x4865f27c663f70b06b1614b021e94f68e1e1af51": 38.155519056570,
  "0x422705f9a582e425d6c13f3197d8dc920b0ce790": 38.121853458145,
  "0x6ca93451a7a0e1c24f4f7ed7e70540f7faedacde": 38.055158941286,
  "0xcd0bc89f401d3adf9073682dba194efa9745c1d2": 38.049689083626,
  "0xa5e6817599edda07b2f60e02ee3c2852b9cd1b64": 37.993824043258,
  "0xd31c4835c58d28ec57d51e303b146f89324a3b57": 37.993824043258,
  "0xaba07328e62ad3d8aa8a901cedc796e21aa9dc6a": 37.958753087168,
  "0xf5ff491cb4f832353a978c115d0e77a351ac5266": 37.913991079897,
  "0x0558436e1944575185f0561a1d9bb33fac7fad83": 37.854375727577,
  "0x56729b3ece444f2e0a7a733d4c7f56d69cc0df0e": 37.304346343590,
  "0x11846760b2f455ff135cb84eadaab08cf667cb1d": 36.032757862433,
  "0xdde8b3ab0788facf177c17fca1eee1282cfe297d": 35.699205875702,
  "0x7b721c705bb986139a7d6f8a4e3c05b65f9dbc88": 35.455054129183,
  "0x2f293a6ab7b28722650f604d20ce9925fa827c31": 35.349293374599,
  "0x7bd08d966c2c74e4de63109568c1d9d79b2fc7a6": 35.108137964930,
  "0x70f634a282b33c779a3aa116570c5c6fa11a72f9": 35.051808304995,
  "0x913bfdbeb7bf85cf6f12d93011692aed7d96d437": 35.033181451886,
  "0x8c59de97e51723a946e83f9bbf535e9a5b4ae96f": 35.028220363997,
  "0x0b99ae817c80f178c6cbb00bd8096b2b9bac7bf0": 35.023122589703,
  "0x5a650b6d0a2ed430969d070e837a7fc8d13baaa5": 35.022857609048,
  "0x47115740133d1eeebeca3e9d5b34dedc76aa2615": 35.020820808423,
  "0xc9ec5fad5f9763d469815dc0494e521765d3fdf3": 35.005653899961,
  "0x26f25005b794dbf2ce793eabbd130a5583e8ac02": 35.002743325712,
  "0x1e902155f1e4ec96356868b1b3bd9e2f5c6b91bb": 35.002742368347,
  "0xb4046d5312e072dfcaeb55407ad1b5c1456a6890": 35.002741226025,
  "0xd7aa6bcd232ec89ac9398229e353400672b4a27a": 35,
  "0x72e49425a527915dda4548dbfb9ee2264a213cf4": 35,
  "0x4845927fb522a741727ebe948d26c2340c26574c": 35,
  "0xc28a7c74974d36e7ffa468cafbcbb313a9b25539": 35,
  "0x30adbd2a3703e3a8a14520eacde52e10c8aab044": 35,
  "0x5b9e2c6fb5f52e6b9ce5138665f6c48001c23cff": 35,
  "0xd2bced761b26bb34fba7852670843de6b1ce6021": 35,
  "0xa758761cada9946beaefc895d16205220b66b8c1": 35,
  "0xbe5f408791524b58a53fda8ae81db9d9552d17a3": 35,
  "0x7848fce154b1012076fd60c862d6870ebfbe18a1": 35,
  "0x69747c307a622ead4be5d78fe95bf7a4fc3394fb": 35,
  "0x57cc445926d7d90809223cedf8de56099dde581f": 35,
  "0xbe16affc451f0ca585388891b2f7d4c4c3694d29": 35,
  "0xf90b901d745f2a38fd193452df849a20f6bcee36": 35,
  "0x4d6008fd15a74e3bd5bfd1421bf397f591373587": 35,
  "0x4a01c399c34ee018d66042b9774a30f3b35098f0": 35,
  "0x15e9c6edb70aaf23195d31ecccc07308506161be": 35,
  "0x7291822648526f6e2d7f59e41725093efd4a64dc": 35,
  "0x39bd30f69b17fa181d1fddcf267c77cd1be05b7a": 35,
  "0x51ae184d02a418849106416510603fdb2b95cb6c": 35,
  "0x65cb9b561e53971e26fb9b4de14435fc99995e1b": 35,
  "0x1c60ad49ba370672fccc862c8e759fdcd48715f7": 35,